pair,jitter,baseline_area,baseline_timing,baseline_power,baseline_composite,optimized_area,optimized_timing,optimized_power,optimized_composite
publication-01,0.445783,0.670041330,-5.807226857,5.422716569,0.200704838,16.540826853,9.103836876,3.675618474,9.928937445
publication-02,0.891566,0.670041330,-3.336192787,0.087827746,-0.844071341,16.540826853,11.605706452,1.975317651,10.241018315
publication-03,0.337349,0.670041330,-5.268468905,1.944119471,-0.836416093,14.226027799,5.890283833,5.485112929,8.624436395
publication-04,0.783133,0.670041330,2.771210779,-4.841484734,-0.415964723,16.540826853,3.764360740,8.402142782,9.725496374
publication-05,0.228916,0.670041330,2.141179730,-2.408026675,0.152297519,16.540826853,3.781135255,12.114726232,10.967178073
publication-06,0.674699,0.670041330,1.578246741,2.053313101,1.435535344,14.226027799,0.756788874,18.401159553,11.438131125
publication-07,0.120482,0.670041330,2.986072581,-4.014732957,-0.077488946,16.540826853,6.945844858,5.531910199,9.808627904
publication-08,0.566265,-1.644757723,0.864589801,-5.387452889,-2.023660237,16.540826853,3.855633837,6.202671075,9.037414425
publication-09,0.012048,-1.644757723,-4.217348193,-1.690468529,-2.510515441,17.332673961,10.319989214,6.140274714,11.385877704
publication-10,0.457831,0.670041330,4.349988661,-5.761831052,-0.160868249,14.226027799,6.568911639,6.280666525,9.101083339
publication-11,0.903614,0.670041330,3.368679534,-5.262660168,-0.343867714,15.697379585,3.851933576,7.606589186,9.188494351
publication-12,0.349398,0.670041330,0.969923888,-3.203580271,-0.503389913,16.540826853,12.068239035,1.819326749,10.350345935
publication-13,0.795181,0.670041330,-2.636843522,-0.068163156,-0.668397822,16.540826853,10.807930254,1.522944037,9.833517959
publication-14,0.240964,-2.401662643,1.454164667,9.150899109,2.854660070,17.332673961,7.171560759,4.190388449,9.744292963
publication-15,0.686747,0.670041330,0.183741839,-2.111643962,-0.411996615,16.540826853,3.718970876,2.770871247,7.897716353
publication-16,0.132530,0.670041330,2.090609501,-3.921138417,-0.354341559,14.226027799,11.469290176,-0.224154057,8.699331776
publication-17,0.578313,-2.401662643,-1.074593470,8.589331864,1.829282557,16.540826853,16.384469756,-2.236436683,10.644303697
publication-18,0.024096,0.670041330,-0.733922805,1.398151316,0.448680744,16.540826853,10.767967438,3.878406646,10.544865122
publication-19,0.469880,0.670041330,0.954382793,2.505686715,1.380014575,16.540826853,0.454107552,12.411108945,10.053938804
publication-20,0.915663,0.670041330,1.126814940,4.502370251,2.114779391,16.540826853,7.055125890,2.880064878,9.008120672
publication-21,0.361446,-2.401662643,-8.090781054,1.101768604,-3.061089543,16.540826853,7.311677296,7.653386456,10.606345580
publication-22,0.807229,0.670041330,1.583920474,-3.343972082,-0.340706618,16.540826853,7.362740893,4.018798457,9.465247431
publication-23,0.253012,0.670041330,1.214141092,1.195363144,1.026836081,14.226027799,9.752369229,4.034397547,9.433209940
publication-24,0.698795,-1.644757723,-9.633296383,12.941478009,1.005078468,16.540826853,4.101331145,4.471172071,8.559125958
publication-25,0.144578,0.670041330,2.057553839,-3.016391189,-0.073520399,16.540826853,5.726485628,8.854516396,10.491081552
publication-26,0.590361,0.670041330,5.005428167,-5.262660168,0.225905465,14.226027799,6.892807789,3.254443041,8.239326189
publication-27,0.036145,0.670041330,-1.144158370,-1.674869439,-0.711305970,14.226027799,0.642080793,17.745997768,11.167541221
publication-28,0.481928,-2.401662643,5.562687422,4.595964792,2.649289845,17.332673961,6.404866749,1.008174063,8.505392720
publication-29,0.927711,0.670041330,0.345319888,-2.252035773,-0.403758976,16.540826853,16.653848732,-6.479389197,9.522263695
publication-30,0.373494,-2.401662643,0.702518384,-6.463790107,-2.679179211,14.226027799,0.211863820,16.404476017,10.558483799
publication-31,0.819277,0.670041330,1.385833187,-1.394085816,0.227528717,16.540826853,2.542781354,6.592648328,8.752063961
publication-32,0.265060,0.670041330,-1.962902713,2.864465788,0.543418856,13.469122880,11.551189279,-0.910514022,8.251316620
publication-33,0.710843,0.670041330,3.277159753,1.476146767,1.813850681,16.540826853,5.290348238,5.110734766,9.142287102
publication-34,0.156627,0.670041330,4.799446990,-6.276601026,-0.165722366,14.226027799,7.934801191,3.379235762,8.622242580
publication-35,0.602410,-2.401662643,-7.240954522,9.228894559,0.106222932,14.226027799,-3.076681173,19.617888583,10.760227778
publication-36,0.048193,0.670041330,6.309153340,-7.181348253,0.084650610,16.540826853,7.339059224,4.517969341,9.614768110
publication-37,0.493976,0.670041330,4.217025961,-5.637038331,-0.167829439,16.540826853,4.567070620,5.329122028,8.981519873
publication-38,0.939759,0.670041330,0.871743638,-2.236436683,-0.221556214,14.226027799,12.612670721,2.146907642,9.816687874
publication-39,0.385542,0.670041330,1.845898929,-2.189639413,0.123068650,14.226027799,6.892807789,3.597623024,8.347953864
publication-40,0.831325,-2.401662643,0.646027738,-6.604181918,-2.743769455,16.540826853,6.377731504,12.145924413,11.785823607
publication-41,0.277108,-0.173405938,-4.156910602,12.676293477,3.055264409,16.540826853,14.916206325,-1.440883087,10.358045942
publication-42,0.722892,-1.644757723,-7.956091566,11.677951709,1.038312998,16.540826853,8.553731458,3.769213015,9.776839832
publication-43,0.168675,0.670041330,-4.678153987,2.802069427,-0.353173182,16.540826853,11.217919135,-3.562359344,8.448152833
publication-44,0.614458,0.670041330,2.148086883,1.054971333,1.293022982,16.540826853,8.172851294,5.641103830,10.241412499
publication-45,0.060241,-2.401662643,3.033189234,4.486771161,1.750303931,16.540826853,7.226324616,5.048338405,9.745859169
publication-46,0.506024,0.670041330,-3.297956760,0.025431385,-0.852617663,16.540826853,6.616028291,6.265067435,9.936401211
publication-47,0.951807,0.670041330,12.138050620,-9.240428150,1.578912144,16.540826853,3.061557899,6.748639229,8.964992877
publication-48,0.397590,-0.173405938,5.027136363,-6.838168270,-0.544766285,16.540826853,-1.751987855,12.489104395,9.421240299
publication-49,0.843373,0.670041330,1.298013667,1.632137668,1.200868466,14.226027799,12.404962756,-0.536135859,8.927818879
publication-50,0.289157,0.670041330,-0.029393175,-3.203580271,-0.840320561,16.540826853,10.076018695,2.084511282,9.759740934
publication-51,0.734940,-1.644757723,-2.724663041,3.410433942,-0.283613660,15.697379585,9.994119592,4.720757513,10.249525894
publication-52,0.180723,0.670041330,-1.901478386,-1.799662160,-1.003329937,16.540826853,7.907419262,2.864465788,9.282246968
publication-53,0.626506,0.670041330,-5.255641335,1.382552226,-1.024443112,16.540826853,9.884838560,2.022114921,9.676657403
publication-54,0.072289,0.670041330,5.406289738,-7.040956442,-0.191489240,16.540826853,6.263270108,4.970342955,9.409842910
publication-55,0.518072,0.670041330,-4.803962850,0.852183162,-1.060250801,14.226027799,-0.665097957,17.901988669,10.836106012
publication-56,0.963855,0.670041330,-4.931251817,0.805385891,-1.117052180,16.540826853,7.417504751,2.302898543,8.946870017
publication-57,0.409639,-1.644757723,-2.236722002,8.355345512,1.614065919,14.226027799,-3.768629916,19.149915879,10.387754393
publication-58,0.855422,0.670041330,-2.039868135,-0.941712203,-0.764356755,16.540826853,5.001481222,6.499053787,9.495750272
publication-59,0.301205,-0.173405938,-6.113115072,1.179764054,-1.653529787,14.226027799,3.937532939,14.080211588,10.874738076
publication-60,0.746988,-1.644757723,-0.370310524,6.639445598,1.609940108,14.226027799,3.718970876,15.172147897,11.186652612
publication-61,0.192771,0.670041330,3.975028914,-7.134550983,-0.723621230,17.332673961,10.669293821,0.664994080,9.812643009
publication-62,0.638554,0.670041330,2.208771158,-4.935079275,-0.639147917,16.540826853,6.859998811,7.544192826,10.426095831
publication-63,0.084337,0.670041330,-0.220573309,-1.440883087,-0.326744395,16.540826853,14.588116546,-0.894914932,10.404289390
publication-64,0.530120,0.670041330,-3.214330869,0.103426836,-0.799168338,16.540826853,5.201295298,5.594306560,9.268472479
