seed,jitter,baseline_area,baseline_timing,baseline_power,baseline_energy,baseline_composite,accepted_area,accepted_timing,accepted_power,accepted_energy,accepted_composite
2,0.891566,0.000000000,0.739067269,-0.166456494,0.529452826,0.191647386,0.242568430,4.808269023,1.316519546,6.019548518,2.142004901
3,0.337349,0.000000000,0.677089581,0.176544767,0.808175186,0.284957564,0.242568430,6.327722020,0.983606557,7.207680636,2.556139482
4,0.783133,0.000000000,1.114931958,-0.983606557,0.097711108,0.047453163,0.242568430,7.239393818,0.509457755,7.670768518,2.718510488
5,0.228916,-0.389408339,1.084942754,-1.588902900,-0.531583115,-0.291822611,0.000000000,6.432351020,0.529634300,6.886365946,2.364787164
6,0.674699,0.000000000,-1.852666373,0.842370744,-1.039777745,-0.330469797,0.242568430,7.261385901,-0.095838588,7.131064281,2.529327854
8,0.566265,0.000000000,-2.543750916,1.518284994,-1.031929467,-0.327872003,0.000000000,2.921614885,2.305170240,5.117095964,1.750267961
9,0.012048,0.000000000,-0.353206179,1.023959647,0.630026863,0.225297260,0.000000000,7.116771296,-0.307692308,6.789382030,2.330901115
10,0.457831,-0.389408339,2.523758114,-3.606557377,-1.036865614,-0.459567702,0.000000000,5.739933624,1.457755359,7.072546438,2.429904377
11,0.903614,0.000000000,-1.234222347,0.287515763,-0.988223429,-0.313402761,0.000000000,7.788529463,-0.600252207,7.193613746,2.472294729
12,0.349398,0.000000000,3.348128007,-1.790668348,1.573491250,0.542070942,0.000000000,3.405440708,1.851197982,5.151271527,1.762065461
13,0.795181,0.000000000,1.966625348,-0.741488020,1.195628722,0.414959404,0.000000000,5.847894758,1.235813367,6.969924910,2.394001428
14,0.240964,0.000000000,4.119183761,-1.891551072,2.261934089,0.774499391,0.000000000,4.865581724,1.356872636,6.114538752,2.095760143
15,0.686747,0.000000000,0.198595172,0.418663304,0.572057869,0.205899331,0.000000000,5.901875325,0.105926860,5.959585506,2.041927735
16,0.132530,0.000000000,-2.373145668,2.466582598,0.107396013,0.050683193,0.242568430,4.556359711,2.375788146,6.782300527,2.407465176
17,0.578313,0.000000000,-1.440148213,0.408575032,-1.070791370,-0.340734050,0.000000000,7.239393818,-0.126103405,7.080954932,2.432847326
18,0.024096,-0.389408339,0.104629000,-1.185372005,-1.124629061,-0.488646614,0.242568430,6.188438829,1.770491803,7.808224767,2.766810792
20,0.915663,0.000000000,0.167939542,-0.418663304,-0.294776643,-0.083270861,0.242568430,5.901875325,1.215636822,7.004267953,2.484988295
21,0.361446,0.000000000,1.837338558,-0.015132409,1.778653458,0.611223052,0.000000000,6.578964906,0.176544767,6.702261261,2.300481271
22,0.807229,-0.389408339,-0.617777600,-1.488020177,-2.160579018,-0.830626402,0.000000000,-0.008663548,4.000000000,3.948820694,1.348668290
23,0.253012,0.242568430,-1.226891652,1.730138714,0.480063775,0.255911083,0.000000000,2.641049222,1.800756620,4.351564396,1.486743510
24,0.698795,0.000000000,0.264571421,0.166456494,0.386135390,0.143735673,0.000000000,6.496327989,0.902900378,7.299205787,2.509296699
25,0.144578,0.000000000,0.024657790,1.013871375,0.994098337,0.347297817,0.242568430,4.679648660,2.174022699,6.710304731,2.382346755
26,0.590361,0.000000000,-0.024657790,0.015132409,-0.054170263,-0.003173783,0.242568430,2.465112559,3.485498108,5.822663107,2.073716328
27,0.036145,-0.389408339,1.610753462,-3.203026482,-1.586012348,-0.641241977,0.242568430,5.526010636,1.356872636,6.766297328,2.401880745
28,0.481928,0.000000000,-1.970623909,1.084489281,-0.909793852,-0.287427537,0.000000000,8.187052661,-0.882723834,7.335246766,2.521932750
29,0.927711,0.000000000,-0.199928026,0.257250946,0.013218696,0.019282797,0.242568430,2.617057859,3.364438840,5.851434118,2.083689446
30,0.373494,0.000000000,-0.961653805,0.983606557,-0.013218696,0.010471644,0.000000000,4.432404334,1.538461538,5.860665887,2.007592924
31,0.819277,0.000000000,-3.158196383,1.861286255,-1.283324169,-0.411017350,0.000000000,4.998200648,1.720050441,6.590596094,2.261518971
32,0.265060,0.000000000,-1.131592627,0.519546028,-0.651082436,-0.201648922,0.242568430,4.183160729,2.799495586,6.823969634,2.422008908
33,0.710843,0.000000000,-0.419848854,0.055485498,-0.408937327,-0.121229774,0.000000000,2.993588975,2.406052963,5.285348719,1.808376669
34,0.156627,0.000000000,1.608087755,-0.650693569,0.923645642,0.323665768,0.242568430,5.256107801,1.831021438,6.949365454,2.465801878
35,0.602410,0.000000000,-0.486491530,-0.247162673,-0.779829063,-0.244354631,0.000000000,3.508736855,1.074401009,4.502824880,1.538701234
36,0.048193,0.000000000,-1.337518493,1.831021438,0.473580087,0.172963389,0.000000000,4.872245991,1.377049180,6.140317591,2.104721731
37,0.493976,0.242568430,-1.419488984,2.295081967,0.863932504,0.384320770,0.000000000,4.507044131,0.781841110,5.211348412,1.782811040
38,0.939759,-0.389408339,-0.308555587,-0.983606557,-1.340419711,-0.560073672,-0.389408339,5.322750476,-0.771752837,4.549481858,1.427119723
39,0.385542,0.000000000,1.092939875,-0.438839849,0.614546080,0.220116250,0.242568430,2.517093846,3.344262295,5.735112743,2.043380557
40,0.831325,0.000000000,1.530115825,-0.428751576,1.063774908,0.370680558,0.242568430,2.698361923,2.738965952,5.321170764,1.900205476
41,0.277108,-0.389408339,0.168605969,-1.084489281,-0.959107235,-0.433789725,0.000000000,7.030802245,-0.802017654,6.243334479,2.140550245
42,0.722892,0.000000000,0.974315913,-0.711223203,0.225498459,0.090088559,0.000000000,6.358377651,0.701134931,6.973419184,2.395223493
44,0.614458,-0.389408339,-0.074639796,-1.588902900,-1.710116220,-0.682208526,0.242568430,6.813547123,-0.448928121,6.353417668,2.258023821
45,0.060241,0.000000000,2.220533941,-1.790668348,0.425193292,0.156788361,0.242568430,5.968518000,2.032786885,7.838851238,2.777579068
46,0.506024,-0.389408339,2.151225559,-2.093316520,0.058342595,-0.095264710,0.242568430,3.753981900,2.698612863,6.309480455,2.242739979
47,0.951807,0.242568430,-0.331214096,2.416141236,2.049219753,0.782920780,0.242568430,6.670265371,0.902900378,7.471649640,2.648627699
48,0.397590,-0.389408339,-1.218894531,-1.084489281,-2.362281187,-0.896941564,0.242568430,6.380369734,1.387137453,7.637786568,2.706928200
49,0.843373,-0.389408339,-1.145587588,-0.983606557,-2.186062178,-0.839009509,0.242568430,5.388726725,1.397225725,6.669011343,2.367945847
50,0.289157,-0.586811926,0.904341104,-3.001261034,-2.115346694,-0.881780421,0.242568430,6.365708345,2.012610340,8.209240669,2.907997386
51,0.734940,-0.389408339,0.083969771,-1.689785624,-1.649757579,-0.662288371,0.000000000,4.424407213,1.215636822,5.544108900,1.897877977
52,0.180723,0.000000000,2.282511629,-1.488020177,0.784181183,0.276918023,0.242568430,5.307422661,2.042875158,7.200462526,2.553612900
53,0.626506,0.000000000,3.157529956,-2.093316520,1.086170791,0.378198717,0.000000000,5.212123635,1.518284994,6.609598795,2.268147215
54,0.072289,0.000000000,-1.043624295,0.489281211,-0.594126392,-0.182744782,-0.389408339,6.066482733,-1.387137453,4.720978005,1.486190482
55,0.518072,0.000000000,-1.690058246,0.479192938,-1.247947997,-0.399325492,-0.389408339,3.174190625,0.176544767,3.301980575,0.999540663
56,0.963855,0.000000000,0.026657070,0.691046658,0.673195486,0.239747501,0.000000000,5.307422661,0.711223203,5.938924015,2.034754182
57,0.409639,0.000000000,-1.300198595,1.235813367,-0.092983133,-0.016103140,0.000000000,4.744958482,1.619167718,6.245459925,2.141289736
58,0.855422,0.000000000,1.947965399,-0.882723834,1.038275605,0.362121981,0.000000000,3.916590028,1.699873897,5.507720182,1.885281791
59,0.301205,0.000000000,-0.983645887,1.155107188,0.138260723,0.060978331,0.000000000,6.459008090,0.105926860,6.516376583,2.235639414
60,0.746988,0.242568430,-2.207205406,2.627994956,0.434364190,0.240645914,0.000000000,5.270769190,1.558638083,6.705622964,2.301654721
61,0.192771,0.000000000,-5.956522319,3.092055485,-2.726128817,-0.885563902,0.242568430,3.342130166,2.860025221,6.064651499,2.157662035
62,0.638554,0.242568430,0.058645554,2.244640605,2.258353115,0.853583435,0.000000000,7.577938609,0.257250946,7.774540141,2.676214049
63,0.084337,0.000000000,1.328854946,-1.084489281,0.214248121,0.086333498,0.000000000,3.672677836,1.699873897,5.267847148,1.802329024
64,0.530120,0.000000000,-1.712716755,1.003783102,-0.736694877,-0.230050924,0.000000000,6.718248097,0.025220681,6.700139851,2.299740777
65,0.975904,0.000000000,-1.248883735,0.287515763,-1.002849190,-0.318245204,0.000000000,4.919562291,1.669609079,6.465294574,2.217835616
66,0.421687,0.000000000,1.591427086,-0.408575032,1.145240846,0.398033615,0.242568430,5.454036547,1.699873897,7.019706765,2.490384956
67,0.867470,0.000000000,-1.295533608,0.398486759,-0.936926857,-0.296415285,0.000000000,4.740959921,0.600252207,5.270481895,1.803239409
68,0.313253,-0.389408339,0.095965452,-2.295081967,-2.242539189,-0.857583592,0.242568430,5.492022872,2.658259773,7.963219513,2.821331517
