seed,jitter,baseline_area,accepted_area,baseline_timing,accepted_timing,baseline_energy,accepted_energy,baseline_composite,accepted_composite
2,0.891566,0.000000000,0.000000000,0.739067269,13.137937009,0.529452826,6.545979746,0.423325208,6.715524035
3,0.337349,0.000000000,0.000000000,0.677089581,10.402921615,0.808175186,5.864112338,0.495717530,5.517866798
4,0.783133,0.000000000,0.000000000,1.114931958,10.406253749,0.097711108,5.867613271,0.405493243,5.520209353
5,0.228916,-0.389408339,0.000000000,1.084942754,10.964719368,-0.531583115,5.825340430,0.057331516,5.702814544
6,0.674699,0.000000000,0.000000000,-1.852666373,13.100617111,-1.039777745,7.119766861,-0.961298681,6.893501037
8,0.566265,0.000000000,0.000000000,-2.543750916,11.952363816,-1.031929467,6.247943065,-1.186509636,6.193520964
9,0.012048,0.000000000,0.000000000,-0.353206179,9.709171365,0.630026863,5.226346597,0.093101979,5.061196574
10,0.457831,-0.389408339,0.000000000,2.523758114,11.424553827,-1.036865614,6.669306754,0.377941305,6.147478144
11,0.903614,0.000000000,0.000000000,-1.234222347,11.969690911,-0.988223429,6.355239768,-0.739400281,6.235472472
12,0.349398,0.000000000,0.000000000,3.348128007,11.992349421,1.573491250,6.823464168,1.650056014,6.400040149
13,0.795181,0.000000000,0.000000000,1.966625348,10.792114839,1.195628722,6.002914748,1.057388133,5.701262818
14,0.240964,0.000000000,0.000000000,4.119183761,10.319618271,2.261934089,5.776589013,2.141515037,5.459312370
15,0.686747,0.000000000,0.000000000,0.198595172,13.025310888,0.572057869,6.863714472,0.257166433,6.781108815
16,0.132530,0.000000000,0.000000000,-2.373145668,10.526210564,0.107396013,5.813039073,-0.748779627,5.544147570
17,0.578313,0.000000000,-0.389408339,-1.440148213,12.870033455,-1.070791370,5.290423424,-0.835126413,6.081795997
18,0.024096,-0.389408339,0.000000000,0.104629000,12.169618937,-1.124629061,7.277080832,-0.468534359,6.614964623
20,0.915663,0.000000000,0.000000000,0.167939542,10.654830928,-0.294776643,5.858260635,-0.042096295,5.604542060
21,0.361446,0.000000000,0.000000000,1.837338558,12.078984899,1.778653458,6.471504374,1.208995165,6.313097410
22,0.807229,-0.389408339,0.000000000,-0.617777600,12.616791288,-2.160579018,6.602641725,-1.052870290,6.548230996
23,0.253012,0.242568430,0.000000000,-1.226891652,10.428912258,0.480063775,5.620213332,-0.165250872,5.445483142
24,0.698795,0.000000000,0.000000000,0.264571421,9.589880976,0.386135390,5.374880323,0.217032426,5.069049871
25,0.144578,0.000000000,0.000000000,0.024657790,11.506524318,0.994098337,6.130476505,0.340662862,5.996226217
26,0.590361,0.000000000,0.000000000,-0.024657790,12.452183880,-0.054170263,6.249985108,-0.026273566,6.372041459
27,0.036145,-0.389408339,0.000000000,1.610753462,13.787703094,-1.586012348,7.593105112,-0.112847490,7.297553084
28,0.481928,0.000000000,0.000000000,-1.970623909,6.140456102,-0.909793852,3.280325572,-0.956929116,3.172714873
29,0.927711,0.000000000,0.000000000,-0.199928026,13.513135271,0.013218696,7.386098070,-0.062188951,7.130000080
30,0.373494,0.000000000,0.000000000,-0.961653805,9.697842110,-0.013218696,5.123314912,-0.323949308,5.022833200
31,0.819277,0.000000000,0.000000000,-3.158196383,11.851733376,-1.283324169,6.407691210,-1.472235670,6.211128031
32,0.265060,0.000000000,0.000000000,-1.131592627,11.547176350,-0.651082436,6.530692002,-0.593155596,6.144388654
33,0.710843,0.000000000,0.000000000,-0.419848854,12.024337905,-0.408937327,5.703037134,-0.276071510,6.037748137
34,0.156627,0.000000000,0.000000000,1.608087755,11.273941381,0.923645642,5.615116297,0.846098762,5.742074279
35,0.602410,0.000000000,0.242568430,-0.486491530,11.547842777,-0.779829063,8.138306318,-0.421591573,6.761335240
36,0.048193,0.000000000,0.000000000,-1.337518493,11.257280712,0.473580087,6.224355319,-0.285054727,5.939432003
37,0.493976,0.242568430,0.000000000,-1.419488984,13.338531462,0.863932504,6.849262782,-0.099702816,6.888330530
38,0.939759,-0.389408339,0.242568430,-0.308555587,11.967691631,-1.340419711,7.152754327,-0.678373333,6.577362390
39,0.385542,0.000000000,0.242568430,1.092939875,10.796779826,0.614546080,6.277922621,0.570167847,5.871190517
40,0.831325,0.000000000,0.000000000,1.530115825,9.645194397,1.063774908,5.068000171,0.866694474,4.985921237
41,0.277108,-0.389408339,-0.389408339,0.168605969,12.046329988,-0.959107235,5.460300398,-0.392247565,5.843127165
42,0.722892,0.000000000,0.000000000,0.974315913,11.700454503,0.225498459,6.692663122,0.400810109,6.252847019
44,0.614458,-0.389408339,0.000000000,-0.074639796,12.796060085,-1.710116220,6.618222726,-0.722236435,6.617374372
45,0.060241,0.000000000,0.000000000,2.220533941,13.107947805,0.425193292,7.215300294,0.886599242,6.928051323
46,0.506024,-0.389408339,0.000000000,2.151225559,11.307262719,0.058342595,6.098140798,0.612917027,5.914921872
47,0.951807,0.242568430,-0.586811926,-0.331214096,14.128247164,2.049219753,5.184728205,0.658722151,6.440069919
48,0.397590,-0.389408339,0.000000000,-1.218894531,11.269276394,-2.362281187,5.878815584,-1.320303045,5.828287306
49,0.843373,-0.389408339,0.000000000,-1.145587588,14.457461980,-2.186062178,7.620298718,-1.237675921,7.547307915
50,0.289157,-0.586811926,0.000000000,0.904341104,11.325256241,-2.115346694,6.206688555,-0.591718992,5.957549509
51,0.734940,-0.389408339,-0.389408339,0.083969771,8.770176070,-1.649757579,3.964502721,-0.649078773,4.188235071
52,0.180723,0.000000000,0.000000000,2.282511629,13.582443654,0.784181183,6.849781364,1.026771101,6.975940754
53,0.626506,0.000000000,0.000000000,3.157529956,7.645247711,1.086170791,4.458125532,1.423296479,4.085484991
54,0.072289,0.000000000,0.000000000,-1.043624295,10.636837405,-0.594126392,5.929493355,-0.545007978,5.622021452
55,0.518072,0.000000000,0.000000000,-1.690058246,8.042438056,-1.247947997,4.683401324,-0.976793443,4.298518348
56,0.963855,0.000000000,0.000000000,0.026657070,8.696202700,0.673195486,5.084594122,0.233770427,4.659992204
57,0.409639,0.000000000,0.000000000,-1.300198595,11.479200821,-0.092983133,6.369519270,-0.462653118,6.066423183
58,0.855422,0.000000000,0.000000000,1.947965399,10.196995748,1.038275605,4.922665377,0.998610962,5.131371666
59,0.301205,0.000000000,0.000000000,-0.983645887,8.392312101,0.138260723,3.936564536,-0.280553882,4.171061234
60,0.746988,0.242568430,0.000000000,-2.207205406,13.105948525,0.434364190,6.686964101,-0.502935775,6.751013120
61,0.192771,0.000000000,0.000000000,-5.956522319,10.980713610,-2.726128817,4.943806169,-2.865452121,5.415165188
62,0.638554,0.242568430,-0.389408339,0.058645554,12.837378544,2.258353115,5.694784214,0.858219531,6.203932524
63,0.084337,0.000000000,-0.389408339,1.328854946,11.793087822,0.214248121,5.010044764,0.516077451,5.603462259
64,0.530120,0.000000000,-0.389408339,-1.712716755,10.893411705,-0.736694877,5.030450394,-0.814031916,5.290394070
65,0.975904,0.000000000,0.000000000,-1.248883735,10.031055487,-1.002849190,5.019390002,-0.749126530,5.105175564
66,0.421687,0.000000000,0.000000000,1.591427086,12.593466352,1.145240846,6.401276533,0.914484751,6.472798206
67,0.867470,0.000000000,-0.389408339,-1.295533608,13.787036667,-0.936926857,6.200185765,-0.742670310,6.713066928
68,0.313253,-0.389408339,0.000000000,0.095965452,11.053354126,-2.242539189,5.649775870,-0.840312493,5.675574086
